Label,Comments,ID
--,Die Barabara Box wÃ¼rde auch @bowlingqueen1 und @anjatamara8 gefallen.,luzyborgia
--,Ich wÃ¼rde mich sehr Ã¼ber den Pink Box Adventskalender freuen ğŸŒ² Und du? @nina_pina2111 ğŸ’•,__life_is_beautyful_
--,Klasse! â¤ï¸ BARBARA BOX @rosapluschy â¤ï¸,crysyny91
--,Ich wÃ¼rde mich sehr Ã¼ber den Barbara Box Kalender freuen ğŸ¥° @holger.arndt.9,jessikaarndt
--,Gerne den BARBARA BOX Adventskalender ğŸ’•â„ï¸ @an_na.220,ly_an24
--,Black BoxğŸ–¤ Danke fÃ¼r die mega ChanceğŸ˜ @the_o.n.e_01,perfectpin_k
--,Wow!!! Barbara Box Adventskalender ğŸ¤©ğŸ˜ ich wÃ¼rde mich sooo freuen zu gewinnen ğŸ’—ğŸ’—ğŸ’—ğŸ’— @rosapluschy ğŸ‘,missmommy28
--,Ich wÃ¼rde mich wirklich riesig Ã¼ber den Pink Box Premium Adventskalender freuen ğŸ„,ramona_biehl
--,Pink Box wÃ¤re wunderbar ğŸ©·,verona_l93
--,Ich wÃ¼rde mich Ã¼ber die pinkbox Adventskalender freuenâ¤ï¸,simonearntd
